left_spec_id,right_spec_id
www.odsi.co.uk//61,ca.pcpartpicker.com//149
www.odsi.co.uk//47,ca.pcpartpicker.com//305
ca.pcpartpicker.com//630,www.ohc24.ch//239
www.odsi.co.uk//151,catalog.com//265
www.best-deal-items.com//448,www.softwarecity.ca//1535
www.best-deal-items.com//448,www.best-deal-items.com//392
www.best-deal-items.com//448,www.best-deal-items.com//2637
www.best-deal-items.com//448,www.best-deal-items.com//1902
www.best-deal-items.com//448,www.odsi.co.uk//211
www.best-deal-items.com//448,www.best-deal-items.com//1238
www.best-deal-items.com//448,www.softwarecity.ca//5717
www.softwarecity.ca//1535,www.best-deal-items.com//392
www.softwarecity.ca//1535,www.best-deal-items.com//2637
www.softwarecity.ca//1535,www.best-deal-items.com//1902
www.softwarecity.ca//1535,www.odsi.co.uk//211
www.softwarecity.ca//1535,www.best-deal-items.com//1238
www.softwarecity.ca//1535,www.softwarecity.ca//5717
www.best-deal-items.com//392,www.best-deal-items.com//2637
www.best-deal-items.com//392,www.best-deal-items.com//1902
www.best-deal-items.com//392,www.odsi.co.uk//211
www.best-deal-items.com//392,www.best-deal-items.com//1238
www.best-deal-items.com//392,www.softwarecity.ca//5717
www.best-deal-items.com//2637,www.best-deal-items.com//1902
www.best-deal-items.com//2637,www.odsi.co.uk//211
www.best-deal-items.com//2637,www.best-deal-items.com//1238
www.best-deal-items.com//2637,www.softwarecity.ca//5717
www.best-deal-items.com//1902,www.odsi.co.uk//211
www.best-deal-items.com//1902,www.best-deal-items.com//1238
www.best-deal-items.com//1902,www.softwarecity.ca//5717
www.odsi.co.uk//211,www.best-deal-items.com//1238
www.odsi.co.uk//211,www.softwarecity.ca//5717
www.best-deal-items.com//1238,www.softwarecity.ca//5717
www.ebay.com//19960,www.odsi.co.uk//142
www.ebay.com//19960,www.softwarecity.ca//5877
www.ebay.com//19960,www.ebay.com//14777
www.ebay.com//19960,www.pcconnection.com//414
www.ebay.com//19960,www.pcconnection.com//2086
www.odsi.co.uk//142,www.softwarecity.ca//5877
www.odsi.co.uk//142,www.ebay.com//14777
www.odsi.co.uk//142,www.pcconnection.com//414
www.odsi.co.uk//142,www.pcconnection.com//2086
www.softwarecity.ca//5877,www.ebay.com//14777
www.softwarecity.ca//5877,www.pcconnection.com//414
www.softwarecity.ca//5877,www.pcconnection.com//2086
www.ebay.com//14777,www.pcconnection.com//414
www.ebay.com//14777,www.pcconnection.com//2086
www.pcconnection.com//414,www.pcconnection.com//2086
www.pcconnection.com//332,www.pcconnection.com//3169
www.pcconnection.com//2110,www.ebay.com//20135
www.pcconnection.com//2110,www.officedepot.com//172
www.pcconnection.com//2110,www.pcconnection.com//3431
www.pcconnection.com//2110,catalog.com//499
www.pcconnection.com//2110,www.officedepot.com//254
www.ebay.com//20135,www.officedepot.com//172
www.ebay.com//20135,www.pcconnection.com//3431
www.ebay.com//20135,catalog.com//499
www.ebay.com//20135,www.officedepot.com//254
www.officedepot.com//172,www.pcconnection.com//3431
www.officedepot.com//172,catalog.com//499
www.officedepot.com//172,www.officedepot.com//254
www.pcconnection.com//3431,catalog.com//499
www.pcconnection.com//3431,www.officedepot.com//254
catalog.com//499,www.officedepot.com//254
www.ebay.com//19292,www.ebay.com//21857
www.best-deal-items.com//1378,www.ebay.com//15284
www.ebay.com//19530,www.ebay.com//22435
www.ebay.com//19530,www.ebay.com//20738
www.ebay.com//19530,www.ebay.com//9969
www.ebay.com//19530,www.ebay.com//11936
www.ebay.com//19530,www.ebay.com//22588
www.ebay.com//22435,www.ebay.com//20738
www.ebay.com//22435,www.ebay.com//9969
www.ebay.com//22435,www.ebay.com//11936
www.ebay.com//22435,www.ebay.com//22588
www.ebay.com//20738,www.ebay.com//9969
www.ebay.com//20738,www.ebay.com//11936
www.ebay.com//20738,www.ebay.com//22588
www.ebay.com//9969,www.ebay.com//11936
www.ebay.com//9969,www.ebay.com//22588
www.ebay.com//11936,www.ebay.com//22588
www.ebay.com//23045,www.ebay.com//14956
www.ebay.com//23045,www.ebay.com//21989
www.ebay.com//14956,www.ebay.com//21989
www.ebay.com//23209,www.ebay.com//19635
www.ebay.com//20276,www.ebay.com//16297
www.ebay.com//23071,www.ebay.com//18823
www.ebay.com//19585,www.ebay.com//22481
www.ebay.com//20389,www.ebay.com//21861
www.ebay.com//20583,www.ebay.com//21294
www.ebay.com//21148,www.ebay.com//21852
www.ebay.com//21148,www.ebay.com//21532
www.ebay.com//21148,www.ebay.com//20994
www.ebay.com//21852,www.ebay.com//21532
www.ebay.com//21852,www.ebay.com//20994
www.ebay.com//21532,www.ebay.com//20994
www.ebay.com//23750,www.ebay.com//22401
www.best-deal-items.com//769,www.best-deal-items.com//2073
www.best-deal-items.com//769,www.best-deal-items.com//1212
www.best-deal-items.com//769,www.best-deal-items.com//2144
www.best-deal-items.com//769,www.ebay.com//12139
www.best-deal-items.com//769,www.best-deal-items.com//1832
www.best-deal-items.com//769,www.best-deal-items.com//2168
www.best-deal-items.com//2073,www.best-deal-items.com//1212
www.best-deal-items.com//2073,www.best-deal-items.com//2144
www.best-deal-items.com//2073,www.ebay.com//12139
www.best-deal-items.com//2073,www.best-deal-items.com//1832
www.best-deal-items.com//2073,www.best-deal-items.com//2168
www.best-deal-items.com//1212,www.best-deal-items.com//2144
www.best-deal-items.com//1212,www.ebay.com//12139
www.best-deal-items.com//1212,www.best-deal-items.com//1832
www.best-deal-items.com//1212,www.best-deal-items.com//2168
www.best-deal-items.com//2144,www.ebay.com//12139
www.best-deal-items.com//2144,www.best-deal-items.com//1832
www.best-deal-items.com//2144,www.best-deal-items.com//2168
www.ebay.com//12139,www.best-deal-items.com//1832
www.ebay.com//12139,www.best-deal-items.com//2168
www.best-deal-items.com//1832,www.best-deal-items.com//2168
www.ebay.com//15888,www.ebay.com//23156
www.ebay.com//15888,www.ebay.com//20855
www.ebay.com//15888,www.ebay.com//17030
www.ebay.com//15888,www.ebay.com//14918
www.ebay.com//15888,www.ebay.com//17072
www.ebay.com//15888,www.ebay.com//22640
www.ebay.com//15888,www.ebay.com//19440
www.ebay.com//15888,www.ebay.com//18920
www.ebay.com//23156,www.ebay.com//20855
www.ebay.com//23156,www.ebay.com//17030
www.ebay.com//23156,www.ebay.com//14918
www.ebay.com//23156,www.ebay.com//17072
www.ebay.com//23156,www.ebay.com//22640
www.ebay.com//23156,www.ebay.com//19440
www.ebay.com//23156,www.ebay.com//18920
www.ebay.com//20855,www.ebay.com//17030
www.ebay.com//20855,www.ebay.com//14918
www.ebay.com//20855,www.ebay.com//17072
www.ebay.com//20855,www.ebay.com//22640
www.ebay.com//20855,www.ebay.com//19440
www.ebay.com//20855,www.ebay.com//18920
www.ebay.com//17030,www.ebay.com//14918
www.ebay.com//17030,www.ebay.com//17072
www.ebay.com//17030,www.ebay.com//22640
www.ebay.com//17030,www.ebay.com//19440
www.ebay.com//17030,www.ebay.com//18920
www.ebay.com//14918,www.ebay.com//17072
www.ebay.com//14918,www.ebay.com//22640
www.ebay.com//14918,www.ebay.com//19440
www.ebay.com//14918,www.ebay.com//18920
www.ebay.com//17072,www.ebay.com//22640
www.ebay.com//17072,www.ebay.com//19440
www.ebay.com//17072,www.ebay.com//18920
www.ebay.com//22640,www.ebay.com//19440
www.ebay.com//22640,www.ebay.com//18920
www.ebay.com//19440,www.ebay.com//18920
www.ebay.com//19232,www.ebay.com//21107
www.ebay.com//19232,www.ebay.com//9382
www.ebay.com//19232,www.ebay.com//18885
www.ebay.com//19232,www.ebay.com//19591
www.ebay.com//21107,www.ebay.com//9382
www.ebay.com//21107,www.ebay.com//18885
www.ebay.com//21107,www.ebay.com//19591
www.ebay.com//9382,www.ebay.com//18885
www.ebay.com//9382,www.ebay.com//19591
www.ebay.com//18885,www.ebay.com//19591
www.getprice.com.au//277,www.cleverboxes.com//379
www.getprice.com.au//277,www.best-deal-items.com//1617
www.getprice.com.au//277,ca.pcpartpicker.com//339
www.getprice.com.au//277,www.ebay.com//19048
www.getprice.com.au//277,www.imldirect.it//213
www.getprice.com.au//277,www.jrlinton.co.uk//646
www.getprice.com.au//277,www.nexus-t.co.uk//125
www.cleverboxes.com//379,www.best-deal-items.com//1617
www.cleverboxes.com//379,ca.pcpartpicker.com//339
www.cleverboxes.com//379,www.ebay.com//19048
www.cleverboxes.com//379,www.imldirect.it//213
www.cleverboxes.com//379,www.jrlinton.co.uk//646
www.cleverboxes.com//379,www.nexus-t.co.uk//125
www.best-deal-items.com//1617,ca.pcpartpicker.com//339
www.best-deal-items.com//1617,www.ebay.com//19048
www.best-deal-items.com//1617,www.imldirect.it//213
www.best-deal-items.com//1617,www.jrlinton.co.uk//646
www.best-deal-items.com//1617,www.nexus-t.co.uk//125
ca.pcpartpicker.com//339,www.ebay.com//19048
ca.pcpartpicker.com//339,www.imldirect.it//213
ca.pcpartpicker.com//339,www.jrlinton.co.uk//646
ca.pcpartpicker.com//339,www.nexus-t.co.uk//125
www.ebay.com//19048,www.imldirect.it//213
www.ebay.com//19048,www.jrlinton.co.uk//646
www.ebay.com//19048,www.nexus-t.co.uk//125
www.imldirect.it//213,www.jrlinton.co.uk//646
www.imldirect.it//213,www.nexus-t.co.uk//125
www.jrlinton.co.uk//646,www.nexus-t.co.uk//125
www.jrlinton.co.uk//892,www.ebay.com//10841
www.jrlinton.co.uk//892,www.ebay.com//20130
www.jrlinton.co.uk//892,ca.pcpartpicker.com//411
www.jrlinton.co.uk//892,www.ebay.com//23636
www.ebay.com//10841,www.ebay.com//20130
www.ebay.com//10841,ca.pcpartpicker.com//411
www.ebay.com//10841,www.ebay.com//23636
www.ebay.com//20130,ca.pcpartpicker.com//411
www.ebay.com//20130,www.ebay.com//23636
ca.pcpartpicker.com//411,www.ebay.com//23636
www.ebay.com//22011,www.hardware-planet.it//53
www.ebay.com//22011,ce.yikus.com//528
www.ebay.com//22011,www.cleverboxes.com//480
www.ebay.com//22011,www.mrhightech.com//129
www.hardware-planet.it//53,ce.yikus.com//528
www.hardware-planet.it//53,www.cleverboxes.com//480
www.hardware-planet.it//53,www.mrhightech.com//129
ce.yikus.com//528,www.cleverboxes.com//480
ce.yikus.com//528,www.mrhightech.com//129
www.cleverboxes.com//480,www.mrhightech.com//129
www.ebay.com//22851,www.ebay.com//21238
www.ebay.com//22851,www.ebay.com//14350
www.ebay.com//22851,ce.yikus.com//581
www.ebay.com//22851,www.ebay.com//15498
www.ebay.com//21238,www.ebay.com//14350
www.ebay.com//21238,ce.yikus.com//581
www.ebay.com//21238,www.ebay.com//15498
www.ebay.com//14350,ce.yikus.com//581
www.ebay.com//14350,www.ebay.com//15498
ce.yikus.com//581,www.ebay.com//15498
www.best-deal-items.com//1540,www.best-deal-items.com//2232
www.best-deal-items.com//1540,www.best-deal-items.com//1768
www.best-deal-items.com//1540,www.best-deal-items.com//1864
www.best-deal-items.com//1540,www.best-deal-items.com//1664
www.best-deal-items.com//1540,www.best-deal-items.com//575
www.best-deal-items.com//1540,www.best-deal-items.com//2005
www.best-deal-items.com//2232,www.best-deal-items.com//1768
www.best-deal-items.com//2232,www.best-deal-items.com//1864
www.best-deal-items.com//2232,www.best-deal-items.com//1664
www.best-deal-items.com//2232,www.best-deal-items.com//575
www.best-deal-items.com//2232,www.best-deal-items.com//2005
www.best-deal-items.com//1768,www.best-deal-items.com//1864
www.best-deal-items.com//1768,www.best-deal-items.com//1664
www.best-deal-items.com//1768,www.best-deal-items.com//575
www.best-deal-items.com//1768,www.best-deal-items.com//2005
www.best-deal-items.com//1864,www.best-deal-items.com//1664
www.best-deal-items.com//1864,www.best-deal-items.com//575
www.best-deal-items.com//1864,www.best-deal-items.com//2005
www.best-deal-items.com//1664,www.best-deal-items.com//575
www.best-deal-items.com//1664,www.best-deal-items.com//2005
www.best-deal-items.com//575,www.best-deal-items.com//2005
www.makingbuyingeasy.co.uk//148,www.ebay.com//18620
www.makingbuyingeasy.co.uk//148,www.cleverboxes.com//298
www.makingbuyingeasy.co.uk//148,www.hardware-planet.it//215
www.makingbuyingeasy.co.uk//148,www.ebay.com//20747
www.ebay.com//18620,www.cleverboxes.com//298
www.ebay.com//18620,www.hardware-planet.it//215
www.ebay.com//18620,www.ebay.com//20747
www.cleverboxes.com//298,www.hardware-planet.it//215
www.cleverboxes.com//298,www.ebay.com//20747
www.hardware-planet.it//215,www.ebay.com//20747
www.ebay.com//14731,www.nexus-t.co.uk//50
www.ebay.com//14731,www.getprice.com.au//264
www.ebay.com//14731,www.shopmania.com//669
www.ebay.com//14731,www.ohc24.ch//450
www.ebay.com//14731,www.cleverboxes.com//301
www.ebay.com//14731,www.ebay.com//19378
www.nexus-t.co.uk//50,www.getprice.com.au//264
www.nexus-t.co.uk//50,www.shopmania.com//669
www.nexus-t.co.uk//50,www.ohc24.ch//450
www.nexus-t.co.uk//50,www.cleverboxes.com//301
www.nexus-t.co.uk//50,www.ebay.com//19378
www.getprice.com.au//264,www.shopmania.com//669
www.getprice.com.au//264,www.ohc24.ch//450
www.getprice.com.au//264,www.cleverboxes.com//301
www.getprice.com.au//264,www.ebay.com//19378
www.shopmania.com//669,www.ohc24.ch//450
www.shopmania.com//669,www.cleverboxes.com//301
www.shopmania.com//669,www.ebay.com//19378
www.ohc24.ch//450,www.cleverboxes.com//301
www.ohc24.ch//450,www.ebay.com//19378
www.cleverboxes.com//301,www.ebay.com//19378
www.ebay.com//21004,www.officedepot.com//153
www.ebay.com//21004,www.cleverboxes.com//514
www.ebay.com//21004,www.nexus-t.co.uk//4
www.ebay.com//21004,www.ebay.com//18773
www.officedepot.com//153,www.cleverboxes.com//514
www.officedepot.com//153,www.nexus-t.co.uk//4
www.officedepot.com//153,www.ebay.com//18773
www.cleverboxes.com//514,www.nexus-t.co.uk//4
www.cleverboxes.com//514,www.ebay.com//18773
www.nexus-t.co.uk//4,www.ebay.com//18773
www.ebay.com//11261,www.shopmania.com//63
www.ebay.com//11261,www.makingbuyingeasy.co.uk//137
www.ebay.com//11261,www.ebay.com//22624
www.ebay.com//11261,www.ebay.com//23459
www.shopmania.com//63,www.makingbuyingeasy.co.uk//137
www.shopmania.com//63,www.ebay.com//22624
www.shopmania.com//63,www.ebay.com//23459
www.makingbuyingeasy.co.uk//137,www.ebay.com//22624
www.makingbuyingeasy.co.uk//137,www.ebay.com//23459
www.ebay.com//22624,www.ebay.com//23459
www.shopmania.com//26,www.ebay.com//23694
www.shopmania.com//26,www.ebay.com//22437
www.shopmania.com//26,www.ebay.com//22684
www.shopmania.com//26,www.ebay.com//14533
www.ebay.com//23694,www.ebay.com//22437
www.ebay.com//23694,www.ebay.com//22684
www.ebay.com//23694,www.ebay.com//14533
www.ebay.com//22437,www.ebay.com//22684
www.ebay.com//22437,www.ebay.com//14533
www.ebay.com//22684,www.ebay.com//14533
www.pc-canada.com//310,www.softwarecity.ca//5748
www.pc-canada.com//310,www.getprice.com.au//388
www.pc-canada.com//310,www.ebay.com//18979
www.pc-canada.com//310,www.ebay.com//14867
www.pc-canada.com//310,www.vology.com//2451
www.pc-canada.com//310,www.officedepot.com//169
www.softwarecity.ca//5748,www.getprice.com.au//388
www.softwarecity.ca//5748,www.ebay.com//18979
www.softwarecity.ca//5748,www.ebay.com//14867
www.softwarecity.ca//5748,www.vology.com//2451
www.softwarecity.ca//5748,www.officedepot.com//169
www.getprice.com.au//388,www.ebay.com//18979
www.getprice.com.au//388,www.ebay.com//14867
www.getprice.com.au//388,www.vology.com//2451
www.getprice.com.au//388,www.officedepot.com//169
www.ebay.com//18979,www.ebay.com//14867
www.ebay.com//18979,www.vology.com//2451
www.ebay.com//18979,www.officedepot.com//169
www.ebay.com//14867,www.vology.com//2451
www.ebay.com//14867,www.officedepot.com//169
www.vology.com//2451,www.officedepot.com//169
www.ebay.com//16732,www.ebay.com//22988
www.ebay.com//16732,www.ebay.com//21864
www.ebay.com//16732,www.kingsfieldcomputers.co.uk//17
www.ebay.com//16732,www.makingbuyingeasy.co.uk//521
www.ebay.com//16732,www.ebay.com//20620
www.ebay.com//22988,www.ebay.com//21864
www.ebay.com//22988,www.kingsfieldcomputers.co.uk//17
www.ebay.com//22988,www.makingbuyingeasy.co.uk//521
www.ebay.com//22988,www.ebay.com//20620
www.ebay.com//21864,www.kingsfieldcomputers.co.uk//17
www.ebay.com//21864,www.makingbuyingeasy.co.uk//521
www.ebay.com//21864,www.ebay.com//20620
www.kingsfieldcomputers.co.uk//17,www.makingbuyingeasy.co.uk//521
www.kingsfieldcomputers.co.uk//17,www.ebay.com//20620
www.makingbuyingeasy.co.uk//521,www.ebay.com//20620
www.makingbuyingeasy.co.uk//660,www.nexus-t.co.uk//27
www.makingbuyingeasy.co.uk//660,ca.pcpartpicker.com//405
www.makingbuyingeasy.co.uk//660,www.getprice.com.au//187
www.nexus-t.co.uk//27,ca.pcpartpicker.com//405
www.nexus-t.co.uk//27,www.getprice.com.au//187
ca.pcpartpicker.com//405,www.getprice.com.au//187
www.shopmania.com//38,www.nexus-t.co.uk//92
www.shopmania.com//38,www.makingbuyingeasy.co.uk//259
www.shopmania.com//38,www.ebay.com//23735
www.nexus-t.co.uk//92,www.makingbuyingeasy.co.uk//259
www.nexus-t.co.uk//92,www.ebay.com//23735
www.makingbuyingeasy.co.uk//259,www.ebay.com//23735
www.planet-computer.it//147,www.makingbuyingeasy.co.uk//268
www.planet-computer.it//147,www.softwarecity.ca//5729
www.planet-computer.it//147,www.shopmania.com//674
www.planet-computer.it//147,www.nexus-t.co.uk//74
www.makingbuyingeasy.co.uk//268,www.softwarecity.ca//5729
www.makingbuyingeasy.co.uk//268,www.shopmania.com//674
www.makingbuyingeasy.co.uk//268,www.nexus-t.co.uk//74
www.softwarecity.ca//5729,www.shopmania.com//674
www.softwarecity.ca//5729,www.nexus-t.co.uk//74
www.shopmania.com//674,www.nexus-t.co.uk//74
ca.pcpartpicker.com//23,www.vology.com//2328
ca.pcpartpicker.com//23,www.ebay.com//22361
ca.pcpartpicker.com//23,www.cleverboxes.com//408
ca.pcpartpicker.com//23,www.best-deal-items.com//1858
www.vology.com//2328,www.ebay.com//22361
www.vology.com//2328,www.cleverboxes.com//408
www.vology.com//2328,www.best-deal-items.com//1858
www.ebay.com//22361,www.cleverboxes.com//408
www.ebay.com//22361,www.best-deal-items.com//1858
www.cleverboxes.com//408,www.best-deal-items.com//1858
www.makingbuyingeasy.co.uk//85,ca.pcpartpicker.com//264
www.makingbuyingeasy.co.uk//85,www.ebay.com//23688
www.makingbuyingeasy.co.uk//85,www.ebay.com//19230
www.makingbuyingeasy.co.uk//85,www.ebay.com//21775
www.makingbuyingeasy.co.uk//85,www.cleverboxes.com//281
ca.pcpartpicker.com//264,www.ebay.com//23688
ca.pcpartpicker.com//264,www.ebay.com//19230
ca.pcpartpicker.com//264,www.ebay.com//21775
ca.pcpartpicker.com//264,www.cleverboxes.com//281
www.ebay.com//23688,www.ebay.com//19230
www.ebay.com//23688,www.ebay.com//21775
www.ebay.com//23688,www.cleverboxes.com//281
www.ebay.com//19230,www.ebay.com//21775
www.ebay.com//19230,www.cleverboxes.com//281
www.ebay.com//21775,www.cleverboxes.com//281
catalog.com//406,ca.pcpartpicker.com//397
catalog.com//406,www.getprice.com.au//361
catalog.com//406,www.ebay.com//11900
ca.pcpartpicker.com//397,www.getprice.com.au//361
ca.pcpartpicker.com//397,www.ebay.com//11900
www.getprice.com.au//361,www.ebay.com//11900
www.ebay.com//11102,www.ebay.com//19118
www.ebay.com//11102,ce.yikus.com//147
www.ebay.com//11102,catalog.com//514
www.ebay.com//11102,www.ebay.com//18572
www.ebay.com//11102,www.ebay.com//15054
www.ebay.com//19118,ce.yikus.com//147
www.ebay.com//19118,catalog.com//514
www.ebay.com//19118,www.ebay.com//18572
www.ebay.com//19118,www.ebay.com//15054
ce.yikus.com//147,catalog.com//514
ce.yikus.com//147,www.ebay.com//18572
ce.yikus.com//147,www.ebay.com//15054
catalog.com//514,www.ebay.com//18572
catalog.com//514,www.ebay.com//15054
www.ebay.com//18572,www.ebay.com//15054
www.ebay.com//19090,www.vology.com//2590
www.ebay.com//19090,www.ebay.com//19128
www.ebay.com//19090,catalog.com//545
www.ebay.com//19090,www.ebay.com//23347
www.ebay.com//19090,www.ebay.com//14582
www.vology.com//2590,www.ebay.com//19128
www.vology.com//2590,catalog.com//545
www.vology.com//2590,www.ebay.com//23347
www.vology.com//2590,www.ebay.com//14582
www.ebay.com//19128,catalog.com//545
www.ebay.com//19128,www.ebay.com//23347
www.ebay.com//19128,www.ebay.com//14582
catalog.com//545,www.ebay.com//23347
catalog.com//545,www.ebay.com//14582
www.ebay.com//23347,www.ebay.com//14582
www.ebay.com//22846,www.makingbuyingeasy.co.uk//193
www.ebay.com//22846,www.ebay.com//19860
www.ebay.com//22846,ce.yikus.com//193
www.ebay.com//22846,www.getprice.com.au//350
www.ebay.com//22846,catalog.com//587
www.makingbuyingeasy.co.uk//193,www.ebay.com//19860
www.makingbuyingeasy.co.uk//193,ce.yikus.com//193
www.makingbuyingeasy.co.uk//193,www.getprice.com.au//350
www.makingbuyingeasy.co.uk//193,catalog.com//587
www.ebay.com//19860,ce.yikus.com//193
www.ebay.com//19860,www.getprice.com.au//350
www.ebay.com//19860,catalog.com//587
ce.yikus.com//193,www.getprice.com.au//350
ce.yikus.com//193,catalog.com//587
www.getprice.com.au//350,catalog.com//587
www.ebay.com//19898,www.best-deal-items.com//2354
www.ebay.com//19898,www.ebay.com//21726
www.ebay.com//19898,catalog.com//603
www.best-deal-items.com//2354,www.ebay.com//21726
www.best-deal-items.com//2354,catalog.com//603
www.ebay.com//21726,catalog.com//603
www.best-deal-items.com//548,www.best-deal-items.com//2025
www.best-deal-items.com//548,www.ebay.com//19861
www.best-deal-items.com//548,www.ebay.com//23319
www.best-deal-items.com//548,www.best-deal-items.com//2453
www.best-deal-items.com//548,www.best-deal-items.com//1016
www.best-deal-items.com//548,www.ebay.com//16278
www.best-deal-items.com//2025,www.ebay.com//19861
www.best-deal-items.com//2025,www.ebay.com//23319
www.best-deal-items.com//2025,www.best-deal-items.com//2453
www.best-deal-items.com//2025,www.best-deal-items.com//1016
www.best-deal-items.com//2025,www.ebay.com//16278
www.ebay.com//19861,www.ebay.com//23319
www.ebay.com//19861,www.best-deal-items.com//2453
www.ebay.com//19861,www.best-deal-items.com//1016
www.ebay.com//19861,www.ebay.com//16278
www.ebay.com//23319,www.best-deal-items.com//2453
www.ebay.com//23319,www.best-deal-items.com//1016
www.ebay.com//23319,www.ebay.com//16278
www.best-deal-items.com//2453,www.best-deal-items.com//1016
www.best-deal-items.com//2453,www.ebay.com//16278
www.best-deal-items.com//1016,www.ebay.com//16278
www.best-deal-items.com//1256,www.best-deal-items.com//1837
www.best-deal-items.com//1256,www.best-deal-items.com//2783
www.best-deal-items.com//1256,www.ebay.com//18638
www.best-deal-items.com//1256,www.best-deal-items.com//2250
www.best-deal-items.com//1256,www.best-deal-items.com//1541
www.best-deal-items.com//1256,www.ebay.com//23697
www.best-deal-items.com//1256,www.best-deal-items.com//232
www.best-deal-items.com//1256,www.best-deal-items.com//1193
www.best-deal-items.com//1256,www.ebay.com//23574
www.best-deal-items.com//1256,www.best-deal-items.com//2432
www.best-deal-items.com//1837,www.best-deal-items.com//2783
www.best-deal-items.com//1837,www.ebay.com//18638
www.best-deal-items.com//1837,www.best-deal-items.com//2250
www.best-deal-items.com//1837,www.best-deal-items.com//1541
www.best-deal-items.com//1837,www.ebay.com//23697
www.best-deal-items.com//1837,www.best-deal-items.com//232
www.best-deal-items.com//1837,www.best-deal-items.com//1193
www.best-deal-items.com//1837,www.ebay.com//23574
www.best-deal-items.com//1837,www.best-deal-items.com//2432
www.best-deal-items.com//2783,www.ebay.com//18638
www.best-deal-items.com//2783,www.best-deal-items.com//2250
www.best-deal-items.com//2783,www.best-deal-items.com//1541
www.best-deal-items.com//2783,www.ebay.com//23697
www.best-deal-items.com//2783,www.best-deal-items.com//232
www.best-deal-items.com//2783,www.best-deal-items.com//1193
www.best-deal-items.com//2783,www.ebay.com//23574
www.best-deal-items.com//2783,www.best-deal-items.com//2432
www.ebay.com//18638,www.best-deal-items.com//2250
www.ebay.com//18638,www.best-deal-items.com//1541
www.ebay.com//18638,www.ebay.com//23697
www.ebay.com//18638,www.best-deal-items.com//232
www.ebay.com//18638,www.best-deal-items.com//1193
www.ebay.com//18638,www.ebay.com//23574
www.ebay.com//18638,www.best-deal-items.com//2432
www.best-deal-items.com//2250,www.best-deal-items.com//1541
www.best-deal-items.com//2250,www.ebay.com//23697
www.best-deal-items.com//2250,www.best-deal-items.com//232
www.best-deal-items.com//2250,www.best-deal-items.com//1193
www.best-deal-items.com//2250,www.ebay.com//23574
www.best-deal-items.com//2250,www.best-deal-items.com//2432
www.best-deal-items.com//1541,www.ebay.com//23697
www.best-deal-items.com//1541,www.best-deal-items.com//232
www.best-deal-items.com//1541,www.best-deal-items.com//1193
www.best-deal-items.com//1541,www.ebay.com//23574
www.best-deal-items.com//1541,www.best-deal-items.com//2432
www.ebay.com//23697,www.best-deal-items.com//232
www.ebay.com//23697,www.best-deal-items.com//1193
www.ebay.com//23697,www.ebay.com//23574
www.ebay.com//23697,www.best-deal-items.com//2432
www.best-deal-items.com//232,www.best-deal-items.com//1193
www.best-deal-items.com//232,www.ebay.com//23574
www.best-deal-items.com//232,www.best-deal-items.com//2432
www.best-deal-items.com//1193,www.ebay.com//23574
www.best-deal-items.com//1193,www.best-deal-items.com//2432
www.ebay.com//23574,www.best-deal-items.com//2432
www.best-deal-items.com//2114,www.ebay.com//20100
www.best-deal-items.com//2114,www.best-deal-items.com//70
www.best-deal-items.com//2114,www.best-deal-items.com//1885
www.best-deal-items.com//2114,www.best-deal-items.com//1479
www.best-deal-items.com//2114,www.best-deal-items.com//909
www.best-deal-items.com//2114,www.best-deal-items.com//363
www.ebay.com//20100,www.best-deal-items.com//70
www.ebay.com//20100,www.best-deal-items.com//1885
www.ebay.com//20100,www.best-deal-items.com//1479
www.ebay.com//20100,www.best-deal-items.com//909
www.ebay.com//20100,www.best-deal-items.com//363
www.best-deal-items.com//70,www.best-deal-items.com//1885
www.best-deal-items.com//70,www.best-deal-items.com//1479
www.best-deal-items.com//70,www.best-deal-items.com//909
www.best-deal-items.com//70,www.best-deal-items.com//363
www.best-deal-items.com//1885,www.best-deal-items.com//1479
www.best-deal-items.com//1885,www.best-deal-items.com//909
www.best-deal-items.com//1885,www.best-deal-items.com//363
www.best-deal-items.com//1479,www.best-deal-items.com//909
www.best-deal-items.com//1479,www.best-deal-items.com//363
www.best-deal-items.com//909,www.best-deal-items.com//363
www.shopmania.com//664,www.ebay.com//19891
www.shopmania.com//664,www.best-deal-items.com//1569
www.shopmania.com//664,www.ohc24.ch//404
www.shopmania.com//664,www.ebay.com//20633
www.ebay.com//19891,www.best-deal-items.com//1569
www.ebay.com//19891,www.ohc24.ch//404
www.ebay.com//19891,www.ebay.com//20633
www.best-deal-items.com//1569,www.ohc24.ch//404
www.best-deal-items.com//1569,www.ebay.com//20633
www.ohc24.ch//404,www.ebay.com//20633
www.best-deal-items.com//346,www.ebay.com//22111
www.best-deal-items.com//346,www.ebay.com//9342
www.best-deal-items.com//346,www.best-deal-items.com//2563
www.best-deal-items.com//346,www.best-deal-items.com//1765
www.ebay.com//22111,www.ebay.com//9342
www.ebay.com//22111,www.best-deal-items.com//2563
www.ebay.com//22111,www.best-deal-items.com//1765
www.ebay.com//9342,www.best-deal-items.com//2563
www.ebay.com//9342,www.best-deal-items.com//1765
www.best-deal-items.com//2563,www.best-deal-items.com//1765
www.getprice.com.au//158,www.cleverboxes.com//46
www.getprice.com.au//158,www.officedepot.com//180
www.getprice.com.au//158,www.ebay.com//22256
www.getprice.com.au//158,www.ebay.com//23354
www.getprice.com.au//158,www.ohc24.ch//509
www.getprice.com.au//158,www.ebay.com//23676
www.getprice.com.au//158,www.ebay.com//19529
www.cleverboxes.com//46,www.officedepot.com//180
www.cleverboxes.com//46,www.ebay.com//22256
www.cleverboxes.com//46,www.ebay.com//23354
www.cleverboxes.com//46,www.ohc24.ch//509
www.cleverboxes.com//46,www.ebay.com//23676
www.cleverboxes.com//46,www.ebay.com//19529
www.officedepot.com//180,www.ebay.com//22256
www.officedepot.com//180,www.ebay.com//23354
www.officedepot.com//180,www.ohc24.ch//509
www.officedepot.com//180,www.ebay.com//23676
www.officedepot.com//180,www.ebay.com//19529
www.ebay.com//22256,www.ebay.com//23354
www.ebay.com//22256,www.ohc24.ch//509
www.ebay.com//22256,www.ebay.com//23676
www.ebay.com//22256,www.ebay.com//19529
www.ebay.com//23354,www.ohc24.ch//509
www.ebay.com//23354,www.ebay.com//23676
www.ebay.com//23354,www.ebay.com//19529
www.ohc24.ch//509,www.ebay.com//23676
www.ohc24.ch//509,www.ebay.com//19529
www.ebay.com//23676,www.ebay.com//19529
www.ebay.com//22113,catalog.com//254
www.ebay.com//22113,www.getprice.com.au//280
www.ebay.com//22113,www.ebay.com//23720
www.ebay.com//22113,www.ebay.com//12307
www.ebay.com//22113,www.ebay.com//19927
www.ebay.com//22113,www.makingbuyingeasy.co.uk//585
www.ebay.com//22113,www.officedepot.com//289
catalog.com//254,www.getprice.com.au//280
catalog.com//254,www.ebay.com//23720
catalog.com//254,www.ebay.com//12307
catalog.com//254,www.ebay.com//19927
catalog.com//254,www.makingbuyingeasy.co.uk//585
catalog.com//254,www.officedepot.com//289
www.getprice.com.au//280,www.ebay.com//23720
www.getprice.com.au//280,www.ebay.com//12307
www.getprice.com.au//280,www.ebay.com//19927
www.getprice.com.au//280,www.makingbuyingeasy.co.uk//585
www.getprice.com.au//280,www.officedepot.com//289
www.ebay.com//23720,www.ebay.com//12307
www.ebay.com//23720,www.ebay.com//19927
www.ebay.com//23720,www.makingbuyingeasy.co.uk//585
www.ebay.com//23720,www.officedepot.com//289
www.ebay.com//12307,www.ebay.com//19927
www.ebay.com//12307,www.makingbuyingeasy.co.uk//585
www.ebay.com//12307,www.officedepot.com//289
www.ebay.com//19927,www.makingbuyingeasy.co.uk//585
www.ebay.com//19927,www.officedepot.com//289
www.makingbuyingeasy.co.uk//585,www.officedepot.com//289
www.makingbuyingeasy.co.uk//471,www.ohc24.ch//843
www.makingbuyingeasy.co.uk//471,www.best-deal-items.com//1242
www.makingbuyingeasy.co.uk//471,www.best-deal-items.com//2747
www.makingbuyingeasy.co.uk//471,www.best-deal-items.com//2790
www.makingbuyingeasy.co.uk//471,www.best-deal-items.com//1210
www.makingbuyingeasy.co.uk//471,www.makingbuyingeasy.co.uk//413
www.ohc24.ch//843,www.best-deal-items.com//1242
www.ohc24.ch//843,www.best-deal-items.com//2747
www.ohc24.ch//843,www.best-deal-items.com//2790
www.ohc24.ch//843,www.best-deal-items.com//1210
www.ohc24.ch//843,www.makingbuyingeasy.co.uk//413
www.best-deal-items.com//1242,www.best-deal-items.com//2747
www.best-deal-items.com//1242,www.best-deal-items.com//2790
www.best-deal-items.com//1242,www.best-deal-items.com//1210
www.best-deal-items.com//1242,www.makingbuyingeasy.co.uk//413
www.best-deal-items.com//2747,www.best-deal-items.com//2790
www.best-deal-items.com//2747,www.best-deal-items.com//1210
www.best-deal-items.com//2747,www.makingbuyingeasy.co.uk//413
www.best-deal-items.com//2790,www.best-deal-items.com//1210
www.best-deal-items.com//2790,www.makingbuyingeasy.co.uk//413
www.best-deal-items.com//1210,www.makingbuyingeasy.co.uk//413
www.ebay.com//19991,www.ebay.com//18113
www.ebay.com//19991,www.pcconnection.com//1754
www.ebay.com//19991,www.ebay.com//14749
www.ebay.com//19991,www.ohc24.ch//89
www.ebay.com//19991,www.makingbuyingeasy.co.uk//479
www.ebay.com//18113,www.pcconnection.com//1754
www.ebay.com//18113,www.ebay.com//14749
www.ebay.com//18113,www.ohc24.ch//89
www.ebay.com//18113,www.makingbuyingeasy.co.uk//479
www.pcconnection.com//1754,www.ebay.com//14749
www.pcconnection.com//1754,www.ohc24.ch//89
www.pcconnection.com//1754,www.makingbuyingeasy.co.uk//479
www.ebay.com//14749,www.ohc24.ch//89
www.ebay.com//14749,www.makingbuyingeasy.co.uk//479
www.ohc24.ch//89,www.makingbuyingeasy.co.uk//479
www.makingbuyingeasy.co.uk//366,www.ebay.com//18841
www.makingbuyingeasy.co.uk//366,www.makingbuyingeasy.co.uk//505
www.makingbuyingeasy.co.uk//366,www.ebay.com//19291
www.makingbuyingeasy.co.uk//366,www.makingbuyingeasy.co.uk//34
www.ebay.com//18841,www.makingbuyingeasy.co.uk//505
www.ebay.com//18841,www.ebay.com//19291
www.ebay.com//18841,www.makingbuyingeasy.co.uk//34
www.makingbuyingeasy.co.uk//505,www.ebay.com//19291
www.makingbuyingeasy.co.uk//505,www.makingbuyingeasy.co.uk//34
www.ebay.com//19291,www.makingbuyingeasy.co.uk//34
www.ohc24.ch//624,www.makingbuyingeasy.co.uk//66
www.ohc24.ch//624,www.makingbuyingeasy.co.uk//389
www.makingbuyingeasy.co.uk//66,www.makingbuyingeasy.co.uk//389
www.ebay.com//14641,www.ebay.com//22762
www.cleverboxes.com//385,ca.pcpartpicker.com//55
www.cleverboxes.com//385,www.makingbuyingeasy.co.uk//395
www.cleverboxes.com//385,www.itenergy.co.uk//782
www.cleverboxes.com//385,ce.yikus.com//251
ca.pcpartpicker.com//55,www.makingbuyingeasy.co.uk//395
ca.pcpartpicker.com//55,www.itenergy.co.uk//782
ca.pcpartpicker.com//55,ce.yikus.com//251
www.makingbuyingeasy.co.uk//395,www.itenergy.co.uk//782
www.makingbuyingeasy.co.uk//395,ce.yikus.com//251
www.itenergy.co.uk//782,ce.yikus.com//251
www.best-deal-items.com//2797,www.best-deal-items.com//1600
www.best-deal-items.com//2797,www.best-deal-items.com//1943
www.best-deal-items.com//2797,www.best-deal-items.com//2194
www.best-deal-items.com//2797,www.ebay.com//20336
www.best-deal-items.com//1600,www.best-deal-items.com//1943
www.best-deal-items.com//1600,www.best-deal-items.com//2194
www.best-deal-items.com//1600,www.ebay.com//20336
www.best-deal-items.com//1943,www.best-deal-items.com//2194
www.best-deal-items.com//1943,www.ebay.com//20336
www.best-deal-items.com//2194,www.ebay.com//20336
www.best-deal-items.com//2393,www.best-deal-items.com//750
www.ebay.com//21745,www.best-deal-items.com//2589
www.ebay.com//21745,www.softwarecity.ca//1579
www.ebay.com//21745,www.makingbuyingeasy.co.uk//460
www.best-deal-items.com//2589,www.softwarecity.ca//1579
www.best-deal-items.com//2589,www.makingbuyingeasy.co.uk//460
www.softwarecity.ca//1579,www.makingbuyingeasy.co.uk//460
www.makingbuyingeasy.co.uk//430,www.ebay.com//23682
www.makingbuyingeasy.co.uk//430,www.makingbuyingeasy.co.uk//140
www.makingbuyingeasy.co.uk//430,www.cleverboxes.com//460
www.makingbuyingeasy.co.uk//430,www.cleverboxes.com//388
www.makingbuyingeasy.co.uk//430,www.ebay.com//19744
www.makingbuyingeasy.co.uk//430,www.ebay.com//20357
www.ebay.com//23682,www.makingbuyingeasy.co.uk//140
www.ebay.com//23682,www.cleverboxes.com//460
www.ebay.com//23682,www.cleverboxes.com//388
www.ebay.com//23682,www.ebay.com//19744
www.ebay.com//23682,www.ebay.com//20357
www.makingbuyingeasy.co.uk//140,www.cleverboxes.com//460
www.makingbuyingeasy.co.uk//140,www.cleverboxes.com//388
www.makingbuyingeasy.co.uk//140,www.ebay.com//19744
www.makingbuyingeasy.co.uk//140,www.ebay.com//20357
www.cleverboxes.com//460,www.cleverboxes.com//388
www.cleverboxes.com//460,www.ebay.com//19744
www.cleverboxes.com//460,www.ebay.com//20357
www.cleverboxes.com//388,www.ebay.com//19744
www.cleverboxes.com//388,www.ebay.com//20357
www.ebay.com//19744,www.ebay.com//20357
www.ebay.com//19302,www.ebay.com//9430
www.ebay.com//19302,www.ebay.com//19498
www.ebay.com//19302,www.ebay.com//18991
www.ebay.com//19302,www.ebay.com//18926
www.ebay.com//9430,www.ebay.com//19498
www.ebay.com//9430,www.ebay.com//18991
www.ebay.com//9430,www.ebay.com//18926
www.ebay.com//19498,www.ebay.com//18991
www.ebay.com//19498,www.ebay.com//18926
www.ebay.com//18991,www.ebay.com//18926
www.imldirect.it//872,www.ohc24.ch//647
www.imldirect.it//872,www.hardware-planet.it//180
www.imldirect.it//872,www.mediashopuk.com//11
www.ohc24.ch//647,www.hardware-planet.it//180
www.ohc24.ch//647,www.mediashopuk.com//11
www.hardware-planet.it//180,www.mediashopuk.com//11
ca.pcpartpicker.com//322,www.getprice.com.au//311
ca.pcpartpicker.com//322,www.hardware-planet.it//200
ca.pcpartpicker.com//322,www.xpcpro.com//67
www.getprice.com.au//311,www.hardware-planet.it//200
www.getprice.com.au//311,www.xpcpro.com//67
www.hardware-planet.it//200,www.xpcpro.com//67
www.ohc24.ch//332,www.ohc24.ch//673
www.ebay.com//9711,catalog.com//493
www.ebay.com//9711,www.makingbuyingeasy.co.uk//392
www.ebay.com//9711,www.cleverboxes.com//249
www.ebay.com//9711,www.xpcpro.com//95
www.ebay.com//9711,www.officedepot.com//173
catalog.com//493,www.makingbuyingeasy.co.uk//392
catalog.com//493,www.cleverboxes.com//249
catalog.com//493,www.xpcpro.com//95
catalog.com//493,www.officedepot.com//173
www.makingbuyingeasy.co.uk//392,www.cleverboxes.com//249
www.makingbuyingeasy.co.uk//392,www.xpcpro.com//95
www.makingbuyingeasy.co.uk//392,www.officedepot.com//173
www.cleverboxes.com//249,www.xpcpro.com//95
www.cleverboxes.com//249,www.officedepot.com//173
www.xpcpro.com//95,www.officedepot.com//173
www.makingbuyingeasy.co.uk//68,www.makingbuyingeasy.co.uk//216
www.makingbuyingeasy.co.uk//68,www.best-deal-items.com//700
www.makingbuyingeasy.co.uk//68,www.best-deal-items.com//848
www.makingbuyingeasy.co.uk//68,www.best-deal-items.com//2690
www.makingbuyingeasy.co.uk//68,www.odsi.co.uk//194
www.makingbuyingeasy.co.uk//68,www.best-deal-items.com//878
www.makingbuyingeasy.co.uk//68,www.xpcpro.com//242
www.makingbuyingeasy.co.uk//216,www.best-deal-items.com//700
www.makingbuyingeasy.co.uk//216,www.best-deal-items.com//848
www.makingbuyingeasy.co.uk//216,www.best-deal-items.com//2690
www.makingbuyingeasy.co.uk//216,www.odsi.co.uk//194
www.makingbuyingeasy.co.uk//216,www.best-deal-items.com//878
www.makingbuyingeasy.co.uk//216,www.xpcpro.com//242
www.best-deal-items.com//700,www.best-deal-items.com//848
www.best-deal-items.com//700,www.best-deal-items.com//2690
www.best-deal-items.com//700,www.odsi.co.uk//194
www.best-deal-items.com//700,www.best-deal-items.com//878
www.best-deal-items.com//700,www.xpcpro.com//242
www.best-deal-items.com//848,www.best-deal-items.com//2690
www.best-deal-items.com//848,www.odsi.co.uk//194
www.best-deal-items.com//848,www.best-deal-items.com//878
www.best-deal-items.com//848,www.xpcpro.com//242
www.best-deal-items.com//2690,www.odsi.co.uk//194
www.best-deal-items.com//2690,www.best-deal-items.com//878
www.best-deal-items.com//2690,www.xpcpro.com//242
www.odsi.co.uk//194,www.best-deal-items.com//878
www.odsi.co.uk//194,www.xpcpro.com//242
www.best-deal-items.com//878,www.xpcpro.com//242
www.odsi.co.uk//136,www.makingbuyingeasy.co.uk//501
www.odsi.co.uk//136,www.xpcpro.com//227
www.odsi.co.uk//136,www.xpcpro.com//97
www.odsi.co.uk//136,www.best-deal-items.com//3
www.odsi.co.uk//136,www.ebay.com//11409
www.makingbuyingeasy.co.uk//501,www.xpcpro.com//227
www.makingbuyingeasy.co.uk//501,www.xpcpro.com//97
www.makingbuyingeasy.co.uk//501,www.best-deal-items.com//3
www.makingbuyingeasy.co.uk//501,www.ebay.com//11409
www.xpcpro.com//227,www.xpcpro.com//97
www.xpcpro.com//227,www.best-deal-items.com//3
www.xpcpro.com//227,www.ebay.com//11409
www.xpcpro.com//97,www.best-deal-items.com//3
www.xpcpro.com//97,www.ebay.com//11409
www.best-deal-items.com//3,www.ebay.com//11409
www.xpcpro.com//195,www.makingbuyingeasy.co.uk//276
www.xpcpro.com//195,www.ebay.com//20102
www.xpcpro.com//195,www.xpcpro.com//198
www.makingbuyingeasy.co.uk//276,www.ebay.com//20102
www.makingbuyingeasy.co.uk//276,www.xpcpro.com//198
www.ebay.com//20102,www.xpcpro.com//198
www.softwarecity.ca//5771,www.mrhightech.com//110
www.ohc24.ch//116,www.ohc24.ch//777
www.makingbuyingeasy.co.uk//304,www.ohc24.ch//654
www.makingbuyingeasy.co.uk//304,ca.pcpartpicker.com//244
www.makingbuyingeasy.co.uk//304,www.imldirect.it//550
www.makingbuyingeasy.co.uk//304,www.getprice.com.au//192
www.makingbuyingeasy.co.uk//304,www.imldirect.it//856
www.makingbuyingeasy.co.uk//304,www.planet-computer.it//151
www.ohc24.ch//654,ca.pcpartpicker.com//244
www.ohc24.ch//654,www.imldirect.it//550
www.ohc24.ch//654,www.getprice.com.au//192
www.ohc24.ch//654,www.imldirect.it//856
www.ohc24.ch//654,www.planet-computer.it//151
ca.pcpartpicker.com//244,www.imldirect.it//550
ca.pcpartpicker.com//244,www.getprice.com.au//192
ca.pcpartpicker.com//244,www.imldirect.it//856
ca.pcpartpicker.com//244,www.planet-computer.it//151
www.imldirect.it//550,www.getprice.com.au//192
www.imldirect.it//550,www.imldirect.it//856
www.imldirect.it//550,www.planet-computer.it//151
www.getprice.com.au//192,www.imldirect.it//856
www.getprice.com.au//192,www.planet-computer.it//151
www.imldirect.it//856,www.planet-computer.it//151
www.jrlinton.co.uk//619,www.softwarecity.ca//5730
www.jrlinton.co.uk//619,www.kingsfieldcomputers.co.uk//334
www.jrlinton.co.uk//619,ca.pcpartpicker.com//534
www.jrlinton.co.uk//619,www.cleverboxes.com//230
www.softwarecity.ca//5730,www.kingsfieldcomputers.co.uk//334
www.softwarecity.ca//5730,ca.pcpartpicker.com//534
www.softwarecity.ca//5730,www.cleverboxes.com//230
www.kingsfieldcomputers.co.uk//334,ca.pcpartpicker.com//534
www.kingsfieldcomputers.co.uk//334,www.cleverboxes.com//230
ca.pcpartpicker.com//534,www.cleverboxes.com//230
www.getprice.com.au//257,ca.pcpartpicker.com//625
www.getprice.com.au//257,www.makingbuyingeasy.co.uk//567
www.getprice.com.au//257,www.imldirect.it//769
www.getprice.com.au//257,ce.yikus.com//1364
ca.pcpartpicker.com//625,www.makingbuyingeasy.co.uk//567
ca.pcpartpicker.com//625,www.imldirect.it//769
ca.pcpartpicker.com//625,ce.yikus.com//1364
www.makingbuyingeasy.co.uk//567,www.imldirect.it//769
www.makingbuyingeasy.co.uk//567,ce.yikus.com//1364
www.imldirect.it//769,ce.yikus.com//1364
www.pcconnection.com//859,ca.pcpartpicker.com//644
www.softwarecity.ca//5804,www.jrlinton.co.uk//1876
www.softwarecity.ca//5804,www.planet-computer.it//156
www.softwarecity.ca//5804,ca.pcpartpicker.com//706
www.softwarecity.ca//5804,www.makingbuyingeasy.co.uk//6
www.jrlinton.co.uk//1876,www.planet-computer.it//156
www.jrlinton.co.uk//1876,ca.pcpartpicker.com//706
www.jrlinton.co.uk//1876,www.makingbuyingeasy.co.uk//6
www.planet-computer.it//156,ca.pcpartpicker.com//706
www.planet-computer.it//156,www.makingbuyingeasy.co.uk//6
ca.pcpartpicker.com//706,www.makingbuyingeasy.co.uk//6
www.itenergy.co.uk//739,www.kingsfieldcomputers.co.uk//637
www.itenergy.co.uk//739,www.cleverboxes.com//113
www.kingsfieldcomputers.co.uk//637,www.cleverboxes.com//113
www.cleverboxes.com//124,www.mrhightech.com//62
www.cleverboxes.com//124,www.itenergy.co.uk//464
www.cleverboxes.com//124,www.planet-computer.it//224
www.cleverboxes.com//124,www.makingbuyingeasy.co.uk//47
www.mrhightech.com//62,www.itenergy.co.uk//464
www.mrhightech.com//62,www.planet-computer.it//224
www.mrhightech.com//62,www.makingbuyingeasy.co.uk//47
www.itenergy.co.uk//464,www.planet-computer.it//224
www.itenergy.co.uk//464,www.makingbuyingeasy.co.uk//47
www.planet-computer.it//224,www.makingbuyingeasy.co.uk//47
www.jrlinton.co.uk//940,www.itenergy.co.uk//718
www.jrlinton.co.uk//940,www.xpcpro.com//179
www.jrlinton.co.uk//940,www.cleverboxes.com//376
www.jrlinton.co.uk//940,www.makingbuyingeasy.co.uk//576
www.jrlinton.co.uk//940,www.xpcpro.com//1
www.jrlinton.co.uk//940,www.planet-computer.it//275
www.itenergy.co.uk//718,www.xpcpro.com//179
www.itenergy.co.uk//718,www.cleverboxes.com//376
www.itenergy.co.uk//718,www.makingbuyingeasy.co.uk//576
www.itenergy.co.uk//718,www.xpcpro.com//1
www.itenergy.co.uk//718,www.planet-computer.it//275
www.xpcpro.com//179,www.cleverboxes.com//376
www.xpcpro.com//179,www.makingbuyingeasy.co.uk//576
www.xpcpro.com//179,www.xpcpro.com//1
www.xpcpro.com//179,www.planet-computer.it//275
www.cleverboxes.com//376,www.makingbuyingeasy.co.uk//576
www.cleverboxes.com//376,www.xpcpro.com//1
www.cleverboxes.com//376,www.planet-computer.it//275
www.makingbuyingeasy.co.uk//576,www.xpcpro.com//1
www.makingbuyingeasy.co.uk//576,www.planet-computer.it//275
www.xpcpro.com//1,www.planet-computer.it//275
www.getprice.com.au//295,www.cleverboxes.com//451
www.getprice.com.au//295,www.cleverboxes.com//65
www.cleverboxes.com//451,www.cleverboxes.com//65
www.imldirect.it//656,www.itenergy.co.uk//794
www.imldirect.it//656,www.getprice.com.au//149
www.imldirect.it//656,www.jrlinton.co.uk//959
www.itenergy.co.uk//794,www.getprice.com.au//149
www.itenergy.co.uk//794,www.jrlinton.co.uk//959
www.getprice.com.au//149,www.jrlinton.co.uk//959
www.makingbuyingeasy.co.uk//405,www.jrlinton.co.uk//1856
www.makingbuyingeasy.co.uk//405,www.getprice.com.au//381
www.makingbuyingeasy.co.uk//405,www.kingsfieldcomputers.co.uk//707
www.makingbuyingeasy.co.uk//405,www.planet-computer.it//130
www.jrlinton.co.uk//1856,www.getprice.com.au//381
www.jrlinton.co.uk//1856,www.kingsfieldcomputers.co.uk//707
www.jrlinton.co.uk//1856,www.planet-computer.it//130
www.getprice.com.au//381,www.kingsfieldcomputers.co.uk//707
www.getprice.com.au//381,www.planet-computer.it//130
www.kingsfieldcomputers.co.uk//707,www.planet-computer.it//130
www.pc-canada.com//347,www.imldirect.it//464
www.pc-canada.com//347,www.ohc24.ch//183
www.pc-canada.com//347,www.softwarecity.ca//5801
www.pc-canada.com//347,www.planet-computer.it//201
www.imldirect.it//464,www.ohc24.ch//183
www.imldirect.it//464,www.softwarecity.ca//5801
www.imldirect.it//464,www.planet-computer.it//201
www.ohc24.ch//183,www.softwarecity.ca//5801
www.ohc24.ch//183,www.planet-computer.it//201
www.softwarecity.ca//5801,www.planet-computer.it//201
www.planet-computer.it//288,www.jrlinton.co.uk//429
www.planet-computer.it//288,www.itenergy.co.uk//214
www.planet-computer.it//288,www.mediashopuk.com//47
www.jrlinton.co.uk//429,www.itenergy.co.uk//214
www.jrlinton.co.uk//429,www.mediashopuk.com//47
www.itenergy.co.uk//214,www.mediashopuk.com//47
www.itenergy.co.uk//727,www.jrlinton.co.uk//1855
www.ebay.com//20338,www.ebay.com//20186
www.ebay.com//20338,www.ebay.com//10106
www.ebay.com//20338,ce.yikus.com//1014
www.ebay.com//20338,www.ebay.com//19240
www.ebay.com//20338,www.ebay.com//20396
www.ebay.com//20338,www.ebay.com//22067
www.ebay.com//20338,www.ebay.com//19610
www.ebay.com//20186,www.ebay.com//10106
www.ebay.com//20186,ce.yikus.com//1014
www.ebay.com//20186,www.ebay.com//19240
www.ebay.com//20186,www.ebay.com//20396
www.ebay.com//20186,www.ebay.com//22067
www.ebay.com//20186,www.ebay.com//19610
www.ebay.com//10106,ce.yikus.com//1014
www.ebay.com//10106,www.ebay.com//19240
www.ebay.com//10106,www.ebay.com//20396
www.ebay.com//10106,www.ebay.com//22067
www.ebay.com//10106,www.ebay.com//19610
ce.yikus.com//1014,www.ebay.com//19240
ce.yikus.com//1014,www.ebay.com//20396
ce.yikus.com//1014,www.ebay.com//22067
ce.yikus.com//1014,www.ebay.com//19610
www.ebay.com//19240,www.ebay.com//20396
www.ebay.com//19240,www.ebay.com//22067
www.ebay.com//19240,www.ebay.com//19610
www.ebay.com//20396,www.ebay.com//22067
www.ebay.com//20396,www.ebay.com//19610
www.ebay.com//22067,www.ebay.com//19610
www.makingbuyingeasy.co.uk//10,www.ohc24.ch//260
www.makingbuyingeasy.co.uk//10,ca.pcpartpicker.com//409
www.makingbuyingeasy.co.uk//10,www.ohc24.ch//868
www.ohc24.ch//260,ca.pcpartpicker.com//409
www.ohc24.ch//260,www.ohc24.ch//868
ca.pcpartpicker.com//409,www.ohc24.ch//868
www.softwarecity.ca//5698,catalog.com//333
www.softwarecity.ca//5698,www.officedepot.com//269
www.softwarecity.ca//5698,catalog.com//292
www.softwarecity.ca//5698,www.ebay.com//22615
www.softwarecity.ca//5698,www.ebay.com//23488
catalog.com//333,www.officedepot.com//269
catalog.com//333,catalog.com//292
catalog.com//333,www.ebay.com//22615
catalog.com//333,www.ebay.com//23488
www.officedepot.com//269,catalog.com//292
www.officedepot.com//269,www.ebay.com//22615
www.officedepot.com//269,www.ebay.com//23488
catalog.com//292,www.ebay.com//22615
catalog.com//292,www.ebay.com//23488
www.ebay.com//22615,www.ebay.com//23488
www.ebay.com//23725,www.ebay.com//11384
www.ebay.com//23725,www.best-deal-items.com//1978
www.ebay.com//23725,www.ebay.com//19077
www.ebay.com//11384,www.best-deal-items.com//1978
www.ebay.com//11384,www.ebay.com//19077
www.best-deal-items.com//1978,www.ebay.com//19077
www.best-deal-items.com//2738,www.best-deal-items.com//642
www.planet-computer.it//153,www.hardware-planet.it//172
www.planet-computer.it//153,www.ebay.com//18898
www.planet-computer.it//153,www.ebay.com//15349
www.planet-computer.it//153,www.ebay.com//11368
www.hardware-planet.it//172,www.ebay.com//18898
www.hardware-planet.it//172,www.ebay.com//15349
www.hardware-planet.it//172,www.ebay.com//11368
www.ebay.com//18898,www.ebay.com//15349
www.ebay.com//18898,www.ebay.com//11368
www.ebay.com//15349,www.ebay.com//11368
www.ebay.com//12324,www.ebay.com//11846
www.ebay.com//12324,www.ebay.com//21984
www.ebay.com//12324,www.ebay.com//19993
www.ebay.com//12324,www.ebay.com//21029
www.ebay.com//11846,www.ebay.com//21984
www.ebay.com//11846,www.ebay.com//19993
www.ebay.com//11846,www.ebay.com//21029
www.ebay.com//21984,www.ebay.com//19993
www.ebay.com//21984,www.ebay.com//21029
www.ebay.com//19993,www.ebay.com//21029
www.getprice.com.au//218,www.ebay.com//21513
www.getprice.com.au//218,www.pcconnection.com//435
www.getprice.com.au//218,www.vology.com//2510
www.ebay.com//21513,www.pcconnection.com//435
www.ebay.com//21513,www.vology.com//2510
www.pcconnection.com//435,www.vology.com//2510
www.cleverboxes.com//477,ca.pcpartpicker.com//445
www.cleverboxes.com//477,www.ebay.com//21207
www.cleverboxes.com//477,www.hardware-planet.it//285
www.cleverboxes.com//477,www.mrhightech.com//134
ca.pcpartpicker.com//445,www.ebay.com//21207
ca.pcpartpicker.com//445,www.hardware-planet.it//285
ca.pcpartpicker.com//445,www.mrhightech.com//134
www.ebay.com//21207,www.hardware-planet.it//285
www.ebay.com//21207,www.mrhightech.com//134
www.hardware-planet.it//285,www.mrhightech.com//134
www.softwarecity.ca//5442,www.ebay.com//18983
www.softwarecity.ca//5442,www.ebay.com//22500
www.softwarecity.ca//5442,www.ebay.com//16736
www.softwarecity.ca//5442,catalog.com//327
www.softwarecity.ca//5442,www.ebay.com//19247
www.ebay.com//18983,www.ebay.com//22500
www.ebay.com//18983,www.ebay.com//16736
www.ebay.com//18983,catalog.com//327
www.ebay.com//18983,www.ebay.com//19247
www.ebay.com//22500,www.ebay.com//16736
www.ebay.com//22500,catalog.com//327
www.ebay.com//22500,www.ebay.com//19247
www.ebay.com//16736,catalog.com//327
www.ebay.com//16736,www.ebay.com//19247
catalog.com//327,www.ebay.com//19247
catalog.com//617,www.ebay.com//19362
catalog.com//617,www.softwarecity.ca//5763
catalog.com//617,www.pcconnection.com//3476
catalog.com//617,www.ebay.com//17093
catalog.com//617,www.getprice.com.au//142
www.ebay.com//19362,www.softwarecity.ca//5763
www.ebay.com//19362,www.pcconnection.com//3476
www.ebay.com//19362,www.ebay.com//17093
www.ebay.com//19362,www.getprice.com.au//142
www.softwarecity.ca//5763,www.pcconnection.com//3476
www.softwarecity.ca//5763,www.ebay.com//17093
www.softwarecity.ca//5763,www.getprice.com.au//142
www.pcconnection.com//3476,www.ebay.com//17093
www.pcconnection.com//3476,www.getprice.com.au//142
www.ebay.com//17093,www.getprice.com.au//142
www.ebay.com//15801,www.ebay.com//19835
www.ebay.com//15801,www.softwarecity.ca//5425
www.ebay.com//15801,www.jrlinton.co.uk//1057
www.ebay.com//15801,www.ebay.com//16258
www.ebay.com//15801,www.getprice.com.au//365
www.ebay.com//19835,www.softwarecity.ca//5425
www.ebay.com//19835,www.jrlinton.co.uk//1057
www.ebay.com//19835,www.ebay.com//16258
www.ebay.com//19835,www.getprice.com.au//365
www.softwarecity.ca//5425,www.jrlinton.co.uk//1057
www.softwarecity.ca//5425,www.ebay.com//16258
www.softwarecity.ca//5425,www.getprice.com.au//365
www.jrlinton.co.uk//1057,www.ebay.com//16258
www.jrlinton.co.uk//1057,www.getprice.com.au//365
www.ebay.com//16258,www.getprice.com.au//365
www.mediashopuk.com//98,www.xpcpro.com//223
www.mediashopuk.com//98,www.itenergy.co.uk//327
www.mediashopuk.com//98,www.officedepot.com//274
www.mediashopuk.com//98,www.jrlinton.co.uk//1577
www.xpcpro.com//223,www.itenergy.co.uk//327
www.xpcpro.com//223,www.officedepot.com//274
www.xpcpro.com//223,www.jrlinton.co.uk//1577
www.itenergy.co.uk//327,www.officedepot.com//274
www.itenergy.co.uk//327,www.jrlinton.co.uk//1577
www.officedepot.com//274,www.jrlinton.co.uk//1577
